Feature,Modification count
dog,9
dud,2
fonda,1
gordy,1
humidity,1
john,1
sect,1
visceral,1
horror,7
implausibility,1
force,2
fright,1
pardon,1
indifference,1
stagnant,3
mademoiselle,1
merton,1
sunny,1
tbwp,1
mickey,1
support,2
wake,1
cowboy,1
gorefest,1
ager,1
astaire,1
attack,1
bandit,2
beaudene,1
believe,2
bonifant,1
booby,1
boy,2
bruise,1
chaykin,1
cold,1
coolly,1
counterpart,1
desmond,1
dialouge,1
doggy,1
doozy,1
dribble,1
explicate,1
flailing,1
francesca,1
fuzzy,1
glamorous,2
hackford,1
inherent,1
investor,1
lowbrow,1
masse,1
matrix,5
mayhew,1
mcdermott,1
newhart,1
noisy,1
nugent,1
nuttgen,1
ordeal,1
prance,1
profess,1
rashomon,2
realistic,1
reluctantly,1
ronny,1
rota,1
rourke,1
ruggedly,1
scare,3
seatbelt,1
shuffle,2
snitch,1
starship,1
swarm,1
sweetback,7
tamiyo,1
terrance,1
terribly,2
tibetan,1
till,1
tipsy,2
wender,1
wetsuit,1
whisk,2
woo,1
yzma,1
alaska,1
barlow,1
believable,2
best,1
cremate,1
crown,1
dewitt,2
duarte,1
enact,1
exasperation,1
existance,1
financial,1
fuss,2
gen,1
hamlet,1
horizontal,1
hurlyburly,1
inception,1
inhuman,2
intricate,1
introductory,3
joe,3
livingston,2
lughnasa,1
melting,2
menacingly,1
mewes,1
mistreatment,1
niccol,1
nicoletta,1
nobuko,1
overacting,1
pool,1
prank,1
renfro,1
rushmore,1
scully,1
sherbedgia,1
subsequent,3
tak,2
timid,2
total,1
trance,1
vary,1
vindication,2
vivian,1
wednesday,1
apparently,1
birdhouse,1
cinematography,1
conspire,3
extracurricular,1
harry,7
hiroshi,2
infuriate,1
instill,1
kathleen,1
method,1
portuguese,1
skateboard,1
troy,1
virgo,1
afterward,1
andie,1
awful,1
beijing,1
blackwolf,1
bookseller,2
boutte,1
bras,2
chisholm,1
demon,1
deploy,1
disastrous,2
distribution,1
douglas,2
evaluation,1
everett,1
eyeball,1
fro,1
garland,1
glamour,1
glossy,1
hammer,1
iceberg,1
incognito,1
info,1
invincibility,2
involuntary,1
jermaine,1
lump,1
lysterine,1
malcom,1
mannequin,1
mat,2
mcgoohan,1
mediocrity,3
memorial,1
mythic,1
nook,1
notorious,1
persuade,1
pimp,5
pinnacle,1
preface,1
priesthood,1
provoke,1
republican,1
robbery,1
rotterdam,1
russian,1
sarcasm,2
shadowy,1
shelmickedmu,1
ship,3
silvio,1
simmon,1
spike,1
spotlight,1
sputter,1
taguchi,1
tristar,3
whaley,1
christ,6
equipment,1
grovel,1
meaty,1
steal,1
celestial,1
scarlett,1
aryan,1
barbie,1
barkeep,1
bluto,1
caricaturist,1
carve,1
clea,3
cleveland,1
comedy,1
connive,1
cortez,1
decidedly,3
delta,1
egyptians,1
fellow,1
flipper,1
foppish,1
grave,1
guerilla,1
gunfire,1
heist,1
jonnie,1
judge,1
liking,1
matilda,1
misconduct,1
purpose,1
quality,2
redford,1
rejection,1
renny,1
reunion,2
safety,1
side,1
skill,1
smuggle,1
specie,1
strained,1
tammy,1
tricky,1
unconscious,2
capper,1
hysterical,2
insurrection,1
irving,2
preach,1
skeksis,1
transylvania,1
vegas,1
workman,2
bella,1
jerome,1
forlani,1
greeting,1
lice,1
lindsay,2
nationality,1
painting,1
promisingly,1
rockin,1
zach,1
comic,1
presentation,1
accompaniment,2
appeal,1
ariane,2
assail,1
basket,3
bell,1
bowfinger,2
cart,1
clan,1
conformity,1
cusack,1
decaprio,1
discourse,1
dispose,1
dream,3
drearily,2
dupe,1
emmerich,1
expatriate,1
exuberance,1
fielding,1
frontal,1
gargantuan,1
genuis,1
gift,1
gingerbread,1
graph,1
gung,1
hadden,1
hay,1
herlihy,1
homer,1
hotshot,1
hyper,2
incomparable,1
involve,1
jesus,4
juni,1
keifer,1
lid,2
matriarch,1
modeling,1
niggle,1
obscenitie,1
offer,1
opar,2
orginal,1
ottorino,1
overjoyed,1
painstakingly,1
peel,1
penance,1
racing,1
rate,2
ratner,2
reputation,1
restless,2
sarcastic,1
scantily,2
sewage,1
sleepless,1
spite,1
squadron,2
straightforward,2
stre,1
streep,1
technobabble,1
terrace,1
thal,1
toughness,1
unlock,1
venture,1
villian,1
bad,5
dino,1
tree,1
adoration,1
amphetamine,1
animatronic,1
apache,1
ashamed,1
astounding,1
athletic,1
bowden,1
canal,1
chazz,1
chop,2
chute,1
circumstance,2
contemplate,2
croon,1
cutter,1
damon,1
darrow,1
disappointed,1
drum,1
ego,1
englishman,1
enlistee,1
etienne,2
fantastic,1
federation,1
flap,1
floor,2
foreground,2
fraught,2
fury,1
gedde,1
gig,3
hector,2
hershey,2
hoo,1
hyam,2
immortality,1
interval,1
ione,1
kanoby,2
magnitude,1
maguire,2
merriment,1
mitchell,3
nineteen,1
nutshell,1
oblivion,2
ohio,2
opulent,1
outspoken,1
precinct,1
programming,1
provide,1
requirement,1
revisionist,1
ripple,1
rya,1
screeching,1
similarly,1
slide,3
spectacular,1
stardust,1
stunning,1
subconscious,1
telegraph,1
trekkie,1
unconsciously,1
underlie,1
update,1
vendela,1
verdict,1
wagner,1
weaken,1
eddie,1
great,3
gallo,1
iron,1
medical,1
persecution,3
portion,1
postman,1
schlictman,1
stench,1
thee,2
theroux,1
agatha,1
patch,4
ape,2
passionately,1
mushy,1
franklin,1
liable,2
middle,2
mindset,1
mirren,1
pratt,1
belie,1
major,3
babe,1
famke,1
entertainingly,1
fei,3
limo,1
model,1
aaaaaaaaah,2
draven,1
lumumba,1
friend,3
wop,2
clooney,2
prerequisite,1
brooks,1
dauphin,1
anime,2
bone,1
choreographer,1
computer,1
donut,1
emanate,1
encrypt,1
eyelash,1
fenn,1
frothing,1
henchman,1
henriksen,1
hoist,1
incoherence,2
incorrectly,1
intrusion,1
kilronan,1
necessarily,1
reccomend,2
romanticise,1
scribe,1
shifting,2
student,1
tolan,1
uninspired,2
audacious,1
bash,2
bustling,1
candlelight,1
capability,2
drawl,1
gooey,1
ice,1
lauren,1
prematurely,1
princess,1
regroup,1
tour,2
unofficial,1
utmost,1
gattaca,4
aftermath,1
alda,1
arliss,1
breathtaking,1
coin,1
convict,1
coworker,1
culminate,1
cursory,1
darkness,1
evans,1
fiercely,1
garment,1
graciously,1
gregson,1
henn,1
horne,2
innate,1
inoffensive,1
inquisition,2
landfill,1
marina,1
mastery,2
mclachlan,1
negotiation,1
organism,1
paperwork,1
polar,1
redux,1
relic,3
robotic,2
sampson,1
sanitarium,1
watery,1
whoop,1
willard,1
draco,1
overcome,2
brat,1
mchugh,1
beaman,1
gravy,2
rocky,1
taxi,1
whimpering,1
superhero,1
wang,1
era,5
incident,1
serra,1
gay,1
absurdist,1
genetically,1
indisputable,2
achieve,1
almasy,1
altar,1
bacon,1
chef,1
cope,1
crossgates,1
drench,2
egg,1
expectation,1
exposure,1
extra,1
hoggett,1
impossible,1
likeability,2
marianna,2
motown,1
ohh,2
prosper,1
randomly,1
shall,1
shave,1
soundbite,1
stein,1
supplement,1
thirteenth,1
undead,1
unfold,1
victorious,1
waiting,1
whoa,1
artemus,2
horn,1
moor,1
night,2
stimulating,1
ville,1
claw,1
somewhat,1
beverly,1
beacham,1
uncle,1
agility,2
ala,1
audio,1
augustus,1
breillat,1
brown,2
chronic,1
clack,1
coaster,1
col,2
columbine,1
crystal,1
deniro,1
episode,2
firm,1
frothy,2
gara,1
gleason,1
grab,1
groom,1
humanistic,1
inkpot,1
jeanne,1
jewelry,2
jones,1
leatherface,3
letscher,1
london,1
marius,1
martial,1
matronly,2
mills,1
moo,1
paxton,1
pirate,1
pooch,1
precious,2
prejudice,1
preoccupied,1
pseudo,1
reign,1
reissue,1
roberto,1
romeo,1
scant,1
solomon,3
staff,1
steadfast,1
straw,1
stuck,2
sublime,1
theatrically,1
tolkin,1
ultimatum,1
uptight,1
vanni,1
vitriol,1
wistful,1
zaillian,1
bloodbath,1
daryl,1
goofily,1
onegin,2
staple,1
abode,1
pollock,1
seminal,1
autobiography,1
goat,1
hail,1
malick,1
paulie,7
creep,1
mesmerizing,1
catalyst,1
disease,1
diver,1
exclusive,1
moralist,1
osnard,1
rhea,1
splice,1
teach,1
voting,1
kelley,1
orleans,1
bittersweet,1
lolita,3
angelou,1
cort,1
council,1
jar,1
particularly,1
orchestra,1
shading,1
asians,1
atheist,1
bark,1
budge,2
cable,1
cereal,1
clunker,1
compassion,1
corleone,1
cutout,1
disastrously,1
disc,1
dislike,1
down,1
earthling,1
embarrassing,2
falzone,1
fear,1
geezer,2
gile,1
graceful,1
individually,1
inordinate,1
intruder,1
joshua,2
judgement,1
ketchum,1
lampooning,1
lassie,1
limbo,1
loudness,1
marsden,1
matron,1
mindy,1
mississippi,1
mouse,1
muriel,1
newton,1
ordell,1
popping,1
popul,1
press,1
putting,1
retaliate,1
rickle,2
riker,1
rose,1
sate,1
silberle,2
skew,1
star,1
starkly,1
steak,1
theology,1
tide,1
traci,1
wallace,3
welcome,1
whisperer,1
winterbottom,1
yvette,2
absurd,1
assort,1
billionth,1
bonus,1
bop,2
buy,2
code,1
disenfranchised,1
dispel,1
doctor,1
fleet,1
font,1
garage,1
hutton,1
impersonation,1
impressive,1
incidental,1
iowa,1
knox,1
leland,1
mafioso,1
mantegna,1
mccullah,2
naughtiness,2
optimism,1
originality,1
pistol,1
sculpture,1
serenely,1
strawberry,2
kurtz,1
abrasive,2
acquire,1
amount,1
amputate,2
aurelius,1
backfire,1
balderdash,1
barbatus,1
beetle,1
begining,2
bind,1
borgnine,1
bravery,1
burdick,2
challenging,1
cheeziness,1
cinematographer,1
clancy,2
clearly,1
coercion,1
coincide,1
completist,2
contingency,1
couple,2
crowbar,1
cubicle,1
deftness,1
demonstration,1
denzel,1
discovery,1
donkey,1
dove,1
entendre,1
eruption,1
exchange,1
forensic,1
freeway,1
groundbreake,1
heartbeat,1
hideout,1
honour,1
infant,1
interracial,1
iraqi,1
jackpot,1
joint,1
karloff,1
klutz,1
lane,1
looking,1
lot,1
low,1
macht,1
medley,1
melody,1
morris,1
movingly,1
murderer,1
narrative,1
nauseating,1
negativity,1
olden,1
overwhelm,2
peacemaker,1
philanderer,1
plantation,1
polygamy,1
pond,1
predictability,1
pretention,1
primordial,1
propulsion,1
puritanical,1
realistically,1
revolution,2
richelieu,1
robbing,1
rotate,1
sadsack,1
savoy,1
scientology,1
scrooge,1
selma,1
sensible,2
showing,1
silk,1
skeletal,2
slapdash,1
slime,1
smokejumper,1
sommer,1
sorta,1
spurn,1
startling,1
stuntman,1
telescope,1
ton,2
trashy,2
tucci,1
unit,1
unnerving,1
uprising,1
valley,2
veronica,1
warm,1
watanabe,1
andersen,1
array,1
blackboard,1
brim,1
chad,1
kaaya,1
licia,1
preservation,2
simply,1
freaking,2
slot,1
virtue,1
werewolf,1
cassavettes,1
jackson,2
baked,1
nora,1
pertain,1
accessibility,1
accompany,1
add,1
administration,1
aimlessly,1
alarming,1
ambitiously,1
appallingly,1
ariel,1
asner,1
astray,1
auspicious,1
batch,1
bazelli,1
bernsen,1
bing,1
birthday,2
calm,1
campbell,1
clarke,2
colin,1
confidently,2
conquest,1
contribution,2
conveniently,1
corinthian,1
crimson,1
culinary,2
cynical,1
decade,1
december,1
demonstrably,1
dense,1
depart,1
derring,1
destitute,1
dodge,1
doesn,1
dogmatic,2
donny,1
dory,2
downshift,1
drawer,1
dykstra,1
emit,1
emmanuel,1
energy,1
evaluate,1
evelyn,1
fibrosis,2
filmmake,1
flavorful,1
flurry,1
foray,1
forget,1
frasier,1
frighteningly,2
fruit,1
furtwangler,1
garde,1
gellar,1
glassy,2
heaven,1
heckerle,1
hilarious,1
hmm,1
hulk,1
ideology,1
implicitly,1
imprison,1
improbable,1
inappropriate,1
incarnation,1
intelligent,1
intoxicated,1
ishmael,1
jeeper,1
jeffrie,1
jingoistic,2
johansson,2
kattan,1
kgb,1
killing,1
labyrinth,1
labyrinthine,1
lama,1
larry,1
leisure,1
lemonade,1
leuchter,1
lieutenant,1
lip,1
llama,3
loaded,2
lyonne,1
mariachi,1
masterpeice,1
maxim,2
maze,1
meager,1
medium,1
melbourne,1
memorabilia,1
mini,1
minus,1
misadventure,1
motive,1
nashville,1
nation,1
orderly,1
outcome,1
patriarchal,2
pause,2
peasant,1
perpetual,1
persist,1
phenomenally,2
phillotson,1
pistone,1
potion,1
remark,1
reside,1
restore,2
rigorous,1
roughneck,1
sadness,2
saim,1
scholarly,1
schroeder,1
servo,1
sevigny,1
shinohara,1
sidney,1
soccer,1
sock,1
soldier,1
stalag,1
sticker,2
stimulate,1
strict,1
stubborn,1
sucker,1
sully,2
sunhill,1
supervise,1
sylvester,1
tad,1
taming,1
tampopo,1
technique,1
terrifying,1
tinker,1
tong,1
topless,1
turkish,1
tux,1
unmistakably,2
unrealistic,2
vanishing,1
waist,2
wayans,1
whopping,1
worldview,1
wuhrer,1
farmhouse,1
vista,1
danny,1
cripple,1
dance,1
expletive,1
fiesty,1
german,2
irregular,1
lydia,1
publicity,1
rib,1
secondary,1
utopia,1
juzo,1
frequency,1
detective,1
plodding,1
clumsily,1
epa,1
meditate,2
reynold,1
abe,1
abundant,2
actualize,1
affordable,1
amboy,1
amon,1
antenna,1
artistry,1
assumption,1
awesome,1
bearded,1
betterment,1
bewitch,1
bloodline,1
burke,1
certainly,2
clubber,2
cogliostro,1
crudeness,1
dammit,1
dangerous,1
daniels,1
darn,1
deaf,1
decease,1
devane,1
disintegrate,1
dissatisfied,1
diversity,1
doorstep,1
dunst,1
dye,1
eachother,1
empathize,1
evangelical,1
facto,1
foreboding,1
forsythe,1
gator,1
generate,1
genetic,2
giveaway,1
glazer,1
gleam,1
huey,1
inane,2
inconsiderate,1
incorrect,1
inferior,1
inquisitive,1
intangible,1
internet,1
irrelevant,1
karaszewski,1
kitsch,1
kotto,1
licensed,1
match,1
mellis,2
mindlessly,1
mob,1
molestation,1
mosey,2
mosquito,1
nazi,1
nicole,1
nielsen,1
otter,2
overthrow,1
oxide,1
penthouse,1
personally,1
piss,1
pleasantly,1
proclivity,2
ratchet,1
rollickingly,1
sadly,2
schlesinger,1
scold,1
scoop,1
search,1
sigel,1
sleaze,1
sob,2
socialist,1
specialist,1
suggestive,1
supervisor,2
washing,1
zemecki,1
part,1
frank,2
message,1
kung,1
olivier,1
skateboarder,1
bateman,1
accident,1
achille,2
ashton,1
beep,1
brief,1
captor,1
choice,1
component,2
consummate,1
corniness,2
deathly,1
deceased,1
duchovny,1
eerie,1
eighty,1
embeth,1
enchanting,1
enlightenment,1
fervently,1
fluke,1
freelance,1
geiger,1
guccione,1
guiness,1
hackman,1
hangout,1
hester,1
hitch,1
howard,1
illustrated,1
inquisitiveness,2
mercer,1
mon,1
monk,1
morritz,1
mueller,2
offering,2
outgrosse,2
payroll,1
pedestrian,2
predator,2
quaid,1
resent,1
rooftop,1
sabara,1
shtick,1
sidekick,1
stepdaughter,1
tael,1
tete,1
therapy,1
tread,1
trickery,1
unengage,1
unfeeling,1
unworkable,1
upwards,1
verbatim,1
whimsy,1
whitechapel,2
wilson,1
zhivago,1
gradual,2
notte,1
warburton,1
cuban,1
superhuman,1
human,2
utterly,1
abuse,1
actress,1
adult,1
agree,1
akira,1
alyson,1
amusement,1
annabel,1
annoyingly,1
approve,1
ascetic,1
assimilate,1
attainable,1
attentive,1
babysitte,1
ballerina,1
barry,1
beef,1
bicep,1
biehn,1
bitter,2
blurb,1
boredom,2
bother,1
breakdown,1
brigante,1
cabbie,1
cafe,1
caller,1
campiness,1
can,1
carter,2
ceiling,1
charleton,1
charlize,1
cheerful,1
chew,1
chopra,1
cinderella,1
collateral,1
comb,2
compassionate,1
conclusion,2
confront,1
connelly,1
connery,1
conscientious,1
continual,1
copyright,1
costume,1
cube,1
cullen,1
damper,1
debacle,1
democrat,1
deplorable,2
desert,1
dietz,1
disappointing,1
dobson,1
doubtless,1
drabby,1
dredd,1
dubois,1
duloc,1
eject,1
eli,1
elm,2
eloquent,1
embarrass,1
endearing,1
ensue,1
entirety,1
erratic,1
excitement,1
existence,2
exquisitely,1
extinction,1
fantasy,1
fiance,1
forgiveable,1
freebie,1
freely,1
frewer,1
fulfilment,2
funding,2
gable,2
gabrielle,4
gape,1
gecko,1
goal,1
goran,2
grisham,1
guard,1
han,1
hijinx,1
hop,1
horta,2
hose,1
humor,1
humourous,1
indoctrinate,1
inhabitant,1
inquire,1
insomniac,1
instead,1
intentional,1
internalize,1
jettison,1
jonny,1
katie,2
kiki,2
klan,1
las,1
laziness,1
leaden,1
leap,1
leary,1
libido,1
liotta,2
ludicrously,1
luster,1
machinegun,1
marginally,1
marvin,1
masturbate,1
mccamus,1
misunderstand,1
motherly,1
naked,1
natascha,1
neal,1
nicotine,1
occult,1
oddball,1
oise,2
onslaught,1
orca,1
overlook,1
overpower,1
pau,1
pebble,1
perennial,1
performer,1
pervert,1
peters,1
petrified,1
phillips,1
pixar,1
plow,1
pocket,1
pointlessness,2
porter,1
pose,1
psychiatric,1
punch,1
realism,1
restrain,1
ring,1
ringo,1
rumination,1
salvage,1
satine,1
senator,1
severed,1
shameful,1
siam,1
sided,1
sinking,1
sizemore,1
skeleton,1
skit,1
slay,1
soil,1
soiled,1
stake,1
stall,1
standout,1
stott,1
strident,2
suspenseful,1
swearing,1
tackle,1
taxis,1
technologically,1
temperature,1
temporarily,1
teri,1
tolerate,1
tooth,1
tretiak,1
tribunal,1
tuck,2
unambitious,1
unanswered,1
unchangeable,1
unconditional,1
underneath,1
unentertaining,1
unexplained,1
unlikely,1
unsatisfactory,1
urinate,2
vacation,1
velocity,1
volcano,1
voyeur,2
wanna,1
watching,1
waterfront,1
wet,1
wolf,2
world,1
yada,1
yearning,1
yellowstone,1
zealously,3
amadeus,1
animation,1
antichrist,1
bedford,1
bethany,1
brick,1
colonel,1
comedic,1
corp,1
craze,1
cull,1
dealer,1
earnest,1
edgecomb,2
entei,2
exaggerate,1
fab,1
fly,1
forest,1
frost,1
gilliard,1
helgenberger,1
infatuation,1
inseparable,1
island,1
japanese,1
lack,1
lumet,1
madly,1
mass,1
miko,1
noxious,1
outpace,1
pace,1
pie,1
procedure,1
prophet,1
puerto,1
rainstorm,1
severely,1
slaughter,1
squirm,1
stamp,1
strait,1
sunbathe,1
sunken,1
terra,1
tibbs,1
tidal,2
trite,1
truckload,2
tuesday,1
twin,1
unafraid,2
unsurprisingly,1
unveil,1
watchful,2
baird,1
crawler,1
delaney,1
discotheque,1
mcdowall,1
mcnaughton,1
miss,3
plunkett,1
pulsate,1
stillman,2
dominique,2
godzilla,5
mira,1
momma,1
psychlo,1
seal,1
testimony,1
text,1
tic,1
numb,1
whiny,1
voice,1
advance,1
amarcord,1
barnett,1
boundary,1
catastrophic,1
coliseum,1
coma,1
detector,1
diving,1
drink,1
dunaway,1
embellish,1
fatherly,1
flip,1
germ,2
glitzy,1
hooter,1
illustration,1
intensifie,1
jerk,1
kei,1
leukemia,1
masturbation,1
misunderstanding,1
murky,1
neice,1
nocturnal,1
obstetric,1
organizer,1
plummet,1
political,1
rainmaker,1
ripoff,1
romanticism,1
routinely,1
sassy,1
serviceable,1
shelton,1
shite,1
sleight,1
smell,2
sole,1
taye,1
terminally,1
terrible,1
unabomber,1
unbearable,1
undeniable,1
undoing,1
unexplored,2
universal,1
unspectacular,1
begbie,1
biebe,1
confound,2
dusty,1
efficient,1
ferrer,1
guinee,1
linear,1
majesty,1
opposition,1
orator,1
present,1
russel,1
saving,1
sociological,1
acrobatic,1
alien,1
bon,1
brenda,1
byrne,1
charle,1
chechik,2
christen,2
coattail,1
covenant,1
craziness,1
credibility,1
demean,1
eclectic,1
egypt,1
equinox,1
giggly,1
goof,2
grace,2
hayakawa,1
inter,2
invulnerable,1
jai,1
junket,1
kujan,1
lana,1
lesser,1
mail,1
misrepresentation,2
patiently,1
pay,2
pitt,1
postcard,1
pretentiousness,1
redneck,1
smoothly,2
sneer,1
stole,1
tacky,1
tailor,1
tax,1
terel,1
trek,2
trust,1
unenjoyable,1
user,1
violently,1
anne,1
anxious,1
chopstick,1
constance,1
crass,1
cultural,1
desouza,1
discourage,1
disorientation,1
dissect,1
eminent,1
essential,1
excalibur,1
gas,1
hellish,1
hun,1
irate,1
laguna,1
lebowski,1
majestic,2
materialize,1
mikael,1
misdeed,1
navaz,1
quicksand,1
scam,1
select,1
slice,1
specifically,1
spoon,1
stand,1
twinkle,1
unbridled,1
undemande,1
unhealthy,1
washington,1
actuality,1
adolescence,1
anaconda,1
billionaire,1
blanche,2
break,2
bribe,1
carpenter,2
cherot,1
chocolat,1
conceivably,1
consolation,1
converge,1
cosmo,1
costumed,1
curtis,1
elaborately,1
gag,1
hopeful,1
individualism,1
inflection,1
irrevocably,1
ize,1
judgmental,1
jurrasic,1
lobby,1
maddy,1
magoo,3
mahal,1
margoyle,1
maurice,1
meandering,1
oedekerk,3
ominous,1
pomp,1
premium,1
product,2
qualify,1
rest,1
ritual,1
sami,1
squabble,1
stormare,1
strobe,1
subway,1
swindler,1
syndrome,1
tail,1
tenure,1
tick,1
tropical,1
uhf,1
usurp,1
verve,1
virgil,1
warmth,1
address,2
assiduously,1
asylum,1
behave,1
boorman,1
career,1
conversation,1
dine,1
faculty,1
fong,1
hasidic,1
haunt,1
inadvertent,1
intimate,1
intriguing,1
means,1
moralizing,1
paradoxically,1
satirize,1
stoppidge,1
tearjerker,1
traffic,1
sex,1
uninsightful,1
victoire,1
backyard,1
baker,1
billion,1
bismol,1
breasted,1
brooke,3
cassidy,1
confirm,1
crooked,1
delacroix,1
dimensional,2
dorm,1
elitism,1
ella,1
eraser,1
final,1
forgot,1
gland,1
jakob,2
looter,1
mama,1
mammal,1
maureen,2
mckellar,1
menial,2
meyer,1
missile,1
momentum,1
monotone,1
mucho,1
noir,1
occupation,1
opera,1
outfit,1
pacula,1
palitaliano,1
pfferpot,2
potential,1
privacy,1
protocol,1
ratio,2
reuse,1
roast,1
sagemiller,1
scroll,1
sir,1
speaking,1
spelling,1
splash,1
stature,1
steaming,1
stockard,1
stylized,1
surrender,1
typically,1
undertake,1
wall,2
wholesome,1
wierd,1
willi,1
archival,1
cement,1
nubile,1
bilko,2
cheesiest,2
clarity,2
cobble,1
disfigure,1
eastwick,1
humourless,1
marrakech,2
morosely,1
mullen,1
opposing,1
predate,2
troubling,1
tyke,2
sanity,2
betty,2
nitro,1
bean,1
passingly,1
besiege,1
disney,2
geological,1
grosse,1
withdraw,1
annaud,1
announce,2
antidote,1
arrival,1
baldwin,1
buddhist,1
bulldog,1
cash,1
chalkboard,1
chanteuse,1
christina,1
cohn,1
colon,1
compatible,1
curtail,1
digestive,1
dougla,2
eccleston,1
endless,1
enlist,1
giovanni,2
guilty,1
hangar,2
hmos,1
impart,1
inconsequential,1
insistence,2
italian,1
karyo,1
landslide,1
lapd,1
lewton,1
licence,1
marin,1
mekhi,1
mere,1
murray,1
narcotic,1
nut,2
parr,1
partition,1
playfulness,1
plop,2
precipice,1
pup,1
raptor,1
roughly,2
rule,2
sage,1
silliness,1
sylvest,1
tiere,1
totally,1
tyler,1
uma,1
uncooperative,1
understand,1
ursula,1
velvet,1
vinyard,1
commonly,1
sew,1
wincott,1
aguilar,1
anarchist,1
beckwith,2
clarify,1
corruptor,1
cricket,1
fisherman,1
float,2
hedonistic,1
individuality,1
julie,1
lar,1
literally,1
mccabe,1
midwestern,1
monkey,1
petrie,1
puzzle,1
respectful,1
santa,1
separation,1
strike,1
superbly,1
superior,1
team,1
twirl,1
underside,1
francis,1
specific,1
adjuster,1
adroitly,1
cia,1
cousin,1
fortunate,1
infantile,1
mouthed,1
scent,1
schmoe,1
stint,1
backside,1
brandon,1
brewing,1
flyboy,1
leeanne,2
mozart,1
omnipresent,1
overgrown,1
personify,1
setback,1
soze,1
tambor,1
unmasked,1
useless,1
whippersnapper,1
carrey,1
elite,1
manufactured,1
backup,1
bizarrely,2
broom,1
capra,1
domination,1
doorman,1
india,1
knife,1
legally,1
overhear,1
patton,1
psychological,1
railway,2
saddam,1
sinbad,1
taboo,1
unwittingly,1
wasteful,1
yeager,1
troma,1
albino,1
beam,1
charm,1
confer,1
contemplative,1
countdown,1
cristoffer,1
daytime,1
disarmingly,1
dubious,1
ejogo,1
grin,1
haysbert,1
heat,1
intriguingly,2
introduce,1
jellyfish,1
jenny,1
justify,1
leder,1
lonergan,2
mishandle,1
objectivity,1
picture,1
pudgy,2
salon,3
skye,1
sluggish,1
subsequently,1
theologian,1
transitory,1
reese,1
terrifically,1
laugh,1
school,1
ben,1
violence,1
caligula,2
coming,1
dawson,1
diatribe,1
drastic,1
freddie,1
haunting,1
honesty,1
importance,1
invite,3
ira,1
pennsylvania,2
preliminary,2
sooooo,1
suchet,1
uncharted,1
knock,1
alvin,1
autism,1
boring,2
caro,1
cautious,1
cushing,1
dinner,2
disconnect,1
dyer,1
felix,2
frightfully,1
glimmer,1
hardware,1
hudsucker,1
juxtaposition,1
marseille,1
overstuff,1
program,1
pummel,1
retread,1
snowman,2
stephane,1
tenley,1
toaster,1
tutelage,1
unlike,2
variation,2
alter,1
attacker,1
cleverly,1
collect,1
gordon,1
gross,1
ladder,1
manufacture,1
punish,1
robby,1
tennant,1
carry,1
dancer,1
dogma,1
ethan,1
knowingly,1
abandon,1
abhorrent,1
absentee,1
absorption,1
abuzz,2
abyss,1
accordingly,1
accost,1
acquaint,1
act,1
addicted,1
adefarasin,1
adopt,1
aftereffect,2
afterlife,1
afterschool,1
albertson,1
align,1
allure,1
aloise,1
alumnus,1
ammunition,1
android,1
anglo,1
animator,2
anniversary,1
apparition,1
arc,1
arch,1
arraki,1
arrogance,1
asp,1
assasination,1
assist,2
astonishing,1
attach,1
attendance,1
bacri,1
bala,1
bandwagon,1
bankruptcy,1
baron,1
basically,1
basquiat,1
bastille,1
batarang,1
bauchau,1
belt,1
bench,1
bible,1
bigalow,1
blade,1
blake,1
blast,1
blindness,1
blitz,1
blonde,1
blood,1
bonfire,1
boon,2
borrower,2
boxer,1
boyle,1
braddock,1
branaugh,1
brandi,1
bribery,1
bridgette,1
brightly,1
bungee,1
burr,1
busby,1
cadaverous,2
caf,1
calloway,1
capitalist,2
cary,2
caveat,1
celibacy,1
center,1
chaos,2
characteristically,1
chihuahua,1
chilly,1
chose,1
christianity,1
christopher,1
cincinnati,1
civilized,1
cleary,1
comfortable,1
compensate,1
competitor,1
con,1
concur,1
condescension,1
confusingly,1
connor,1
consider,1
corman,1
cornell,1
cosette,1
course,1
courtney,1
crackle,1
crenna,1
cuff,1
cultured,1
daffy,1
dangerfield,1
danica,1
daphne,1
darken,1
dean,1
debut,1
decode,1
dedicated,1
deep,2
demarkov,1
demise,1
den,1
dental,1
denuto,1
deposit,1
derek,1
designate,1
destiny,1
deter,1
diary,1
digimon,1
dimitri,1
dinosaur,1
disagreement,1
disguise,1
distinguished,1
distrustful,1
don,1
door,2
downtrodden,1
dragon,1
dread,1
dubbing,1
earthquake,1
easily,1
edgy,1
electrocute,1
elisabeth,2
embarassing,1
embarrassed,1
embassy,1
embrace,1
empathy,1
emphatically,1
emptiness,1
ensure,1
eszterhas,1
eventual,1
evolution,1
excited,1
exile,1
expansive,1
expel,1
explanation,2
extend,1
faithful,1
faithfulness,1
fallible,1
fassbinder,1
fatality,1
feasible,1
featherstone,1
fedora,1
fern,1
fill,1
fittingly,1
flabbergast,2
flashy,1
flatulate,1
fluff,1
food,2
frame,1
frigid,1
frog,1
gabriel,1
gabriela,1
game,2
gamely,1
gangster,1
gardner,1
gasp,1
gast,2
geez,1
genre,1
gentry,1
georgia,1
ghandi,1
ghost,2
giallo,1
giorgio,1
goddard,1
goldman,1
goldsmith,1
grasp,1
greenfinger,1
greystoke,1
gunfight,1
hamill,1
hammerhead,1
hanks,1
hapless,1
hav,1
havisham,1
hell,1
herc,1
honchos,1
hopper,1
horner,1
hrundi,1
humbly,1
hunter,1
hydraulic,1
idaho,1
idly,1
improvement,1
inaccuracy,1
include,1
inhale,1
inhibit,1
interference,1
intolerable,1
intrude,1
iranian,1
irritation,2
item,1
izzard,1
jacobi,1
janice,1
jaoui,1
jax,1
jazzy,1
jean,1
joey,2
joke,1
judith,1
juliette,1
kasa,1
kidnapping,1
kline,1
korsmo,1
kristopherson,1
kudrow,1
langella,1
larson,1
lauri,1
lesly,2
lesra,1
lie,1
lien,1
ligament,2
lilith,1
linger,1
linney,1
lithium,1
livelihood,1
lobster,1
longo,1
lore,1
loveable,1
ludicrous,1
lust,1
lustful,1
machine,1
maliciously,1
malkovich,1
mansion,1
mar,1
marxist,1
matrimony,1
mcconaughay,1
measured,1
meathook,1
menacing,1
michigan,1
mimmo,1
mindfuck,1
miniserie,1
miscasting,1
misdirection,1
misgiving,1
misguide,1
mishap,1
mislead,1
mockumentary,1
modernization,1
molecule,1
montana,1
moreso,2
motor,1
move,1
muhammad,1
muslim,1
nadia,1
nagging,1
nathan,1
nerdy,2
netherworld,1
neve,1
nexus,1
niagara,1
nicely,1
nigel,1
nitrous,1
normalcy,1
nossiter,2
noticably,1
numbingly,1
nurture,1
nuzzle,1
nyc,1
october,1
octopus,1
olsen,1
onlooker,1
ouch,2
outstandingly,1
overrate,1
overt,1
owner,3
packet,1
padre,1
painter,1
pairing,1
paralyse,2
partly,1
patriotism,1
peacefully,1
pepsi,1
perkiness,1
phrasing,1
physics,1
pierre,1
pillage,1
poehler,1
pointlessly,1
portable,1
possibility,1
potentially,1
powerful,1
powerhouse,1
predestine,1
pretext,1
priceless,1
priestley,1
pro,1
process,1
provision,1
purport,1
pursue,1
pursuit,1
qualified,1
quietly,1
quotable,1
racoon,1
radical,1
raja,2
raymond,1
razor,1
readily,1
reasoning,1
rebecca,1
receptionist,1
recognizable,1
recommendable,1
recommendation,1
recourse,1
recovery,1
reef,1
refund,1
reggae,1
reiner,1
religiously,1
repartee,1
repetitive,2
republic,1
repulsive,1
richardson,1
righteous,1
robbin,2
role,1
roof,1
root,1
roping,1
rosalind,1
rot,1
sacrifice,1
sagan,1
sale,1
salem,1
sandler,1
savior,1
scarred,1
scheming,1
scratcher,1
script,1
segal,1
selection,1
selleck,1
sensitivity,1
serene,1
severance,1
shanta,1
shield,1
shotgun,1
shouting,1
similarity,1
simultaneously,1
sindel,1
sirtis,1
skim,1
sleeper,1
sleepwalk,1
slippery,1
smooth,1
snuggle,1
soap,1
soar,1
sociopath,1
solaris,1
songwriter,1
south,1
spell,1
spillane,1
split,1
spotless,2
spunk,1
spurt,1
stair,1
stateside,1
steadily,1
steakley,1
steed,1
steerage,1
stefanson,1
stiff,1
stilte,1
stoltz,1
story,1
stowaway,1
strategically,2
strikingly,1
stu,1
stymie,1
supportive,1
supposedly,1
supremacist,1
surgeon,1
sutherland,1
syrup,1
tagawa,1
taint,1
tamala,1
tang,1
tapioca,1
technical,1
techno,1
telephone,1
testosterone,1
thematic,1
theo,1
thought,1
throttle,1
token,1
tote,1
townie,1
transmitter,1
transpire,1
trial,1
tsk,1
turning,1
tweedy,1
umpteen,1
unchallenge,1
underlying,1
understandably,1
undetecte,1
unemployed,2
unfilmable,2
uninhibited,1
unprepared,1
unsophisticated,1
unworthy,1
vacance,1
vcr,1
victorian,1
virtual,1
vivica,1
vividly,1
volker,1
wallop,2
wandering,2
wanton,1
warn,1
wheeling,1
widow,1
will,1
wimpy,1
wind,1
wiseguy,1
wisely,1
woeful,1
wonder,1
worrisome,1
wrest,1
wright,1
wrong,1
wynn,1
yakuza,1
yemeni,1
yerzy,1
yucky,1
zealot,1
zorro,1
zundel,1
authoritatively,1
mckellen,1
robin,1
tunney,2
leila,1
fountain,1
hung,1
jerry,2
spielberg,1
susceptible,2
butthead,1
desperado,1
eventful,1
forman,1
makeover,1
mccoy,1
proper,1
radha,1
reminiscent,1
stumble,1
abraham,1
accordance,2
affecting,1
aircraft,1
answer,1
appreciable,1
arnie,1
astoundingly,1
avery,1
banish,1
bassett,1
beart,1
borderline,1
brevity,1
brother,1
buddye,1
bunton,1
buscemi,1
camelot,1
candid,1
canyon,1
carping,1
cauterize,1
cavernous,1
chambermaid,1
chelsom,2
chen,1
cheung,1
chimera,1
christmas,1
coif,1
collard,1
complicate,1
congressman,1
consistent,1
consult,1
continue,1
convergence,1
cooking,2
coote,2
covering,1
coveted,1
craig,1
crucifix,1
cyrus,1
dabble,1
davis,1
deer,1
defense,1
deflect,1
deliverance,1
demeaning,1
democrats,1
devoted,1
diggler,1
dignified,1
disconcert,1
district,1
dmx,1
domineering,1
draft,1
dryland,1
dumber,1
dynamic,1
dynamite,1
electrical,1
enclose,1
enforcement,1
ennio,1
erotic,1
estranged,1
euphoria,1
express,1
fargo,1
fergus,1
ferguson,1
ferociously,1
fiasco,1
fit,1
footprint,1
format,1
friction,1
gallow,1
gambon,1
gaudy,1
gazarra,1
gimmicky,1
gladstone,1
gleefully,1
godfather,2
goyer,1
grate,1
gritty,1
growing,1
grubby,1
harlin,1
harmon,1
hat,1
hawkes,1
henning,1
hideous,1
hieroglyphic,1
hither,1
hobble,1
homeworld,1
hooker,1
hudson,1
iii,1
illeana,1
increasingly,1
ineffectual,1
inexperienced,1
ingredient,1
injection,2
inn,1
insincerity,1
instal,1
insulated,1
intimacy,1
invigorate,1
jamie,1
jeopardy,1
jew,1
jfk,1
juxtapose,1
kang,1
kate,1
laced,1
lange,1
large,1
layer,1
layered,1
leave,1
let,1
leto,1
letter,1
lightning,1
literature,1
lull,1
manicure,1
married,1
mathilde,2
matt,1
medak,1
mediocre,1
metcalf,1
mike,1
miserably,1
mispronounce,1
mizrahi,1
molten,1
monty,1
motorbike,1
motto,1
mover,1
mugging,1
multifacete,1
mumbo,1
munson,1
mutha,1
natch,1
negate,1
negin,1
neighboring,1
neuwirth,1
newsman,1
oblique,1
oedipal,1
oneself,3
orientation,1
outlaws,1
patillo,1
peril,1
peyote,1
phase,1
philander,1
piracy,1
planner,1
plotline,1
poetry,1
posey,1
potente,1
precursor,1
presume,1
psychologically,1
pungent,1
purple,1
quentin,1
quote,1
radiance,1
raunchy,1
ready,1
rebbe,1
reel,1
rejoice,1
relevant,1
remington,1
rewind,1
rhod,1
rococo,1
rollin,1
rudolph,1
ryder,2
rye,1
salkind,1
sasha,1
savannah,1
schmaltzy,1
scope,1
screen,1
sector,1
sellar,1
sergeant,1
sergio,1
site,1
ski,2
skimpy,1
smashing,1
smith,1
smuggler,1
snicker,1
solid,1
solidify,1
sony,1
speculation,1
spera,1
spree,1
starter,1
stifle,1
still,1
storyline,1
studi,1
stupendously,1
submarine,1
sunderland,1
teaching,1
tearful,1
tenuous,1
terminology,1
theron,1
tiptoe,1
tolkien,1
top,2
transmit,1
trashing,2
treehouse,1
trod,1
tucker,2
uber,1
ulterior,1
ultimate,1
uncommonly,1
unheard,1
unified,1
unintentional,1
union,1
unusual,1
vaguely,1
vera,1
vessey,1
viewpoint,1
visnjic,1
wei,1
welch,1
wellington,1
wes,1
whiplash,1
wig,1
window,1
xander,1
yearbook,1
yesteryear,1
yum,1
zak,1
zone,1
envision,1
parrot,2
cauldron,2
purity,1
bloated,1
braga,1
brosnan,1
coalwood,1
emmet,1
hal,1
hesse,1
incorporate,1
jasmine,1
lefessier,1
madonna,1
max,1
screw,1
skate,1
spiked,1
sucking,1
transaction,1
wiseass,1
wyatt,1
coach,1
crutch,1
jane,1
orion,1
perry,1
phillipe,1
schwartzman,1
slicker,1
thelma,1
fighting,1
official,1
debauchery,1
outworld,1
alf,1
assassin,1
boone,1
bulk,1
chrysler,1
complete,1
correlate,1
crony,2
crossover,1
facile,1
futuristic,1
gesserit,1
high,1
ideological,1
intestine,1
louise,2
marion,1
mohr,1
muted,1
norton,1
pas,1
plaudit,1
pregnant,1
prude,1
purportedly,1
rectify,1
ridgemont,1
scinto,1
tango,2
vinci,1
wwii,1
memphis,2
frequently,1
hockley,1
rap,1
understanding,1
aberdeen,1
ambiguously,1
bernard,1
chabert,1
discord,1
efface,1
elmer,1
everyday,1
factly,1
heap,1
immersive,1
josiane,1
motta,1
muldoon,1
penis,1
question,1
roberta,1
stubbornly,1
tex,1
afterthought,1
ally,1
bolton,1
breathlessly,1
cnn,1
concept,1
cottrell,2
dan,1
darby,1
deane,1
detract,1
dressed,1
edward,1
fabulous,1
fair,1
fee,1
festival,1
fonz,1
frightener,1
ginger,1
gist,1
holm,1
hullo,1
humble,1
impeccably,1
imperative,1
indelible,1
jukebox,1
koch,1
lash,1
lawyer,1
libby,1
limon,1
main,1
makeshift,1
newsmagazine,1
overzealous,3
pint,1
poignantly,1
porcine,1
posit,1
presidential,1
province,1
quagmire,1
rational,1
resentful,1
satisfy,1
scott,1
seriousness,1
shroff,1
sightless,1
slasher,1
subconsciously,1
substandard,1
sutton,1
sweepstake,1
thurman,1
torro,1
undeveloped,1
unfocused,1
unwatchable,1
versa,2
village,1
voluminous,1
wag,1
wayland,1
wyoming,1
zhang,1
balance,1
carpet,1
dunno,1
exaggeration,2
favorite,1
fleeting,1
groupie,1
harden,2
headline,1
histrionic,1
impoverished,1
ivy,1
jolt,1
judah,1
mgm,1
overstate,1
participate,1
purposely,1
rouse,1
sequence,1
shrill,1
sizeable,1
stinker,1
test,1
thine,1
turnaround,1
warrant,1
weinstein,1
cleavage,1
psychedelic,1
abroad,1
anymore,1
argonautica,1
backward,1
brainiac,1
butte,2
cabaret,1
candyman,1
cat,1
cathy,1
charmingly,1
chin,1
clarkson,1
cliffhanger,1
curfew,1
deceptively,1
dignity,1
documentarian,1
dustin,1
dutch,1
easter,1
effort,1
elbow,2
entrance,1
eugene,1
experienced,1
foreign,1
free,1
gershon,1
goldthwait,1
hade,1
heretical,1
hiding,1
hunky,1
innocence,1
insult,2
jeez,1
laundry,1
leviathan,1
limitation,1
lizard,1
matarazzo,1
mechanism,1
metaphorical,1
metropolitan,1
millius,1
modern,1
moviegoing,1
negative,1
neumeier,1
newspaper,1
nit,1
outshine,1
paull,1
pejorative,1
phenomena,1
phenomenal,1
racism,1
reborn,1
rochelle,1
scarab,1
screening,1
secretary,1
settlement,1
skillful,1
slave,1
slimeball,1
type,1
ugh,1
ugly,1
unanimously,1
unite,1
vampiric,1
waller,1
wether,1
zombie,1
appliance,1
documentary,2
antarctica,1
fisher,1
louiso,1
resume,1
tatyana,1
toy,1
wave,1
weena,1
dunne,1
der,1
distorted,1
nair,1
napkin,1
notion,1
theodore,1
castle,1
cesar,1
corral,1
fiction,1
francisco,1
lady,1
savor,1
whining,1
admittedly,1
apple,1
biederman,1
bogg,1
carrion,1
chore,1
colourful,1
conelly,1
embitter,1
erickson,1
jumanji,1
marcy,1
mention,1
middleweight,1
ostensibly,1
procreate,1
prof,1
schoolboy,1
sentimental,1
simpson,1
smoker,2
smugly,1
suited,1
thirst,1
vintage,1
adoption,1
ballistic,1
belinda,1
bug,1
chorus,1
clever,1
confiscate,2
display,1
ecological,1
fulci,1
geese,1
grocery,1
helpfully,1
kahl,1
kombat,1
mayer,1
newsradio,1
precede,1
raven,1
senate,1
smalltime,1
spade,1
sprint,1
tootsie,1
vibe,1
weekend,1
atlantis,1
conversion,1
fledge,1
handedly,1
joff,1
nero,1
proximity,1
amazed,1
arizona,2
arranged,1
assess,1
beginner,1
blot,1
bostwick,1
brussels,1
bum,1
cabin,1
casual,1
charity,1
chester,1
chewing,1
chick,1
chlo,1
conceit,1
connection,1
connie,1
consultant,1
daughter,1
delight,1
destabilize,1
disregard,1
edge,1
emissary,1
engineering,1
enliven,1
entrench,1
ethel,1
euro,1
exhausted,1
extras,1
formal,1
freedom,1
gill,1
gilliam,1
grander,1
gullible,1
hospitality,1
hugo,1
hypnosis,1
insert,1
kozmo,1
lay,1
legal,1
loathing,1
malloy,1
marco,1
michele,1
moon,1
murphy,3
newark,1
nominate,1
offend,1
orient,1
origin,1
outwit,1
overwhelmingly,1
passion,1
paul,1
pig,1
pout,1
profundity,2
radiate,1
rawhide,1
repeatedly,1
ruffian,1
sandstorm,1
schumann,1
scot,1
sick,1
skinhead,1
squeaky,1
stunned,1
sturdy,1
supply,1
taciturn,1
tiny,1
unctuous,1
uniformly,1
western,1
wine,1
wonderful,1
drawing,1
sport,1
cranium,1
defensive,1
adorable,2
amen,1
aniston,1
assasin,1
burger,1
businesswoman,1
claire,1
compromise,1
contradictory,1
convince,1
death,1
deprivation,1
detroit,1
dewy,1
distressed,1
division,1
doubtful,1
gizmo,1
greenaway,1
hamper,1
horrendous,1
illegally,1
insider,1
irresistible,1
leery,1
lend,1
leverage,1
listless,1
load,1
lurch,1
maggie,1
mars,1
migrant,1
modine,1
mournful,1
nest,1
nose,1
notably,1
nova,1
oakley,1
offset,1
oppressively,1
overemotional,1
paint,1
pancake,1
plane,1
pointe,1
pride,1
pyle,1
realisation,1
ridiculous,1
ritzy,1
road,1
robs,1
rope,1
sci,1
scum,1
seattle,1
stability,1
standing,1
suitable,1
suppression,1
swat,1
terrorize,1
thunderous,1
unashamedly,1
unbalanced,1
unfriendly,1
valet,1
venerable,1
welshman,1
whilst,1
wish,1
withdrawal,1
christof,1
pedophilia,1
inward,1
addy,1
admirable,1
anecdotal,1
ballyhoo,1
believability,1
bite,1
crs,1
dexterity,1
diesel,1
ephron,1
evasion,1
follow,1
indestructible,1
interrupt,1
law,1
libbe,1
maud,1
meteor,1
mosaic,1
muddle,1
nervously,1
norse,1
predominantly,1
preschooler,1
pretty,1
prodigal,1
refreshing,1
resort,1
rhetoric,1
schulman,1
sean,1
snatch,1
snooty,1
southwest,1
tossed,1
ucla,1
warren,1
waste,1
chinese,1
dorff,1
blume,1
bueno,1
cab,1
demonic,1
enterprise,1
entry,1
hanako,1
harsh,1
humanitarian,1
indignant,1
interchangeable,1
lion,1
mother,1
storytelling,1
transparently,1
windswept,1
wonderbra,1
accuracy,1
affectation,1
afflict,1
arise,1
audrey,1
believer,1
bergl,1
blas,1
braindead,1
britton,1
broderick,1
btw,2
buddy,1
bumper,1
caraboo,1
chap,1
coast,1
codename,1
commodity,1
confederate,1
contractor,1
conventionally,1
counsel,1
crusty,1
dad,1
dans,1
deanna,1
depress,1
ditzy,1
dress,1
dumfounde,1
enroll,1
fax,1
fellas,1
fen,1
fragile,1
garfield,1
geena,1
glib,1
grenier,1
hebrew,1
hichock,1
horrific,1
idol,1
inheritance,1
insular,1
intimidating,1
knockin,1
kris,1
lieu,1
lipstick,1
lori,1
mccoll,1
mustard,1
nicholson,1
nyah,1
payoff,1
pluck,1
privately,1
prose,1
puff,1
rainy,1
range,1
screenwriter,1
scriptwriter,1
small,1
stylishly,1
sudden,1
supernatural,1
suspender,1
thing,1
throne,1
tier,1
tiff,1
tsui,1
umbrella,1
uncare,1
unexceptional,1
utter,1
wyome,1
zooming,1
acid,1
apology,1
baio,1
build,1
candidate,1
cleese,1
commentator,1
concede,1
copland,1
corrupter,1
crop,1
cruise,1
darkly,1
dina,1
dreck,1
eliminate,1
embed,1
event,1
exhaust,1
explain,1
fine,1
functional,1
funnel,1
goddamn,1
guideline,1
hickam,1
hilt,1
hoblit,1
hometown,1
interpreter,1
intimately,1
jaded,1
junkyard,1
lilly,1
machinery,1
mariner,1
messenger,1
meticulous,1
midgett,1
moxxon,1
need,2
nude,1
oversized,1
overtly,1
paternalistic,1
pissed,1
prayer,1
prolong,1
reitman,1
relish,1
repair,1
roommate,1
scared,1
schoolchild,1
seated,1
sheep,1
shift,1
sid,1
silverstone,1
slicing,1
stairwell,1
twisty,1
unconventional,1
veneer,1
wanda,1
waver,1
whoopi,1
yep,1
pretension,1
transition,1
out,1
saget,1
scheider,1
shape,1
affability,1
annihilation,1
attend,1
auteur,1
autobiographical,1
bicentennial,1
bin,1
brothel,1
bumstead,1
carlyle,1
ceaseless,1
club,1
cock,1
collins,1
construe,1
convulse,1
declaration,1
desirable,1
disneyland,1
documentation,1
efficiency,1
enthusiasm,1
expressionism,1
fandom,1
fece,1
fiji,1
guillermo,1
gwythant,1
helmer,1
hint,1
hysteria,1
inclination,1
korean,1
koren,1
kristofferson,1
leigh,1
liddy,1
logo,1
longshank,1
marijuana,1
overtake,1
plaintive,1
populated,1
random,1
rationality,1
reason,1
rebelliousness,1
rollercoaster,1
saber,1
salvageable,1
schoolteacher,1
share,1
silly,1
suffocate,1
supertechnology,1
surfer,1
sydow,1
tantamount,1
tinam,1
treasure,1
twisted,1
unable,1
underachieving,1
valentine,1
